x,y
-3.2225431660678225,-3.7201314171219213
-0.7898014147794381,4.772432782492203
1.98703764011168,-4.035784170994275
2.1775373594270695,-0.36671748184139563
2.401204150396964,-1.3479548966723645
0.9063284932403519,3.8375252442374794
-2.681777772793178,-1.2050854727310845
4.67116049557176,-1.1053795926155843
-0.5061293761461636,4.0765221021414675
-1.0775751134559277,3.5910522611946973
-2.553708007991611,0.9275061633883954
-4.227606923781375,4.310804988056921
-4.500775107109854,-0.6625805436202024
3.937683135469239,-3.2962328094686977
3.821146119748665,4.343315076871207
-1.6043510289533192,2.694331048157413
0.3997903437389807,0.339135444971169
-3.9467322208564237,2.7123052236647087
4.756029065079501,4.122245615381479
-0.07663312636426944,1.3390838753898135
2.941150927273716,3.924095856471963
4.171178594573529,-1.9606120384546166
-0.8148148976007397,2.688978596523982
-2.1079375996197767,4.926565100950448
-4.6098260305775245,4.416440668516461
-1.5322539550393577,-1.834656057889016
-1.4478757013834462,3.7306439288518742
3.7546963099336246,-4.059536765080925
4.88728736403581,-4.402927557243376
3.420570739583015,0.9005811533096999
4.2621718528502175,3.1678443834770853
-3.243231098459333,2.101745909408134
1.467220093080357,4.044214722805311
-3.8164913372264153,-3.905487274041243
-3.7741258667606026,2.0174821287965052
-0.26343778203392,-3.8419985896624786
1.9584986256386436,1.07647505237178
-2.2466082168203227,-0.13249800823653324
-2.65224183202358,1.1757247568237101
3.7327934944903802,-3.8568355775844676
-1.7193067339662713,3.3872153538427643
4.529156269875088,1.2422026587796031
-3.2723537558603057,0.8496696904225747
-4.640692076690181,2.8685992568713257
0.3312328265752482,1.613751068092153
-4.228113213507156,2.1423074178235684
-2.716931802415562,-3.6534973665863246
1.514170198640703,1.5966641985101182
-4.863922964705183,-0.07178417981231888
1.9104583526238645,3.4515451758170492
-3.006542755369365,0.6597129627050613
-4.611300168567473,0.3111736484748393
-0.8311398137878365,-3.129115447899941
-4.185613354251122,1.3660926104826219
3.4164742781427826,-3.3374036689260445
-2.7250881399934257,2.3400273418825304
-3.398298300097864,0.1585831047357198
-0.035830778063958846,-0.22720630915712903
2.8085229005623233,4.334288048886931
-2.9277763463012327,2.4342032473413866
3.4387248796561067,0.8234815590020528
0.6289676237753898,4.417359878346231
4.3749421432506015,1.4820177688419287
-0.650367666942266,-4.930689205924102
-0.5253437497470408,-3.782182338573228
2.9735230159829076,-3.897621075682516
0.2516483875234279,4.602495675912708
-2.7202107938600584,-2.6994602775642083
-3.9853117038418895,1.1093738768012074
-2.9452890963659306,-4.4582164134641395
-3.422314155309343,-1.1181229806907433
2.9240215427209693,-2.996920407892647
-4.556267030590432,-0.4939470244121722
0.2380441215063005,-2.6409436537629705
-0.9041808464781829,-3.4137447570035384
-2.955773173640347,-3.97950359082352
3.9052788825158,1.7188307816735175
-0.6236338313084069,3.428413745388566
2.783439911226604,1.8743449467574376
-1.8807857637881051,-2.492943134132757
-1.9102460347952133,-3.853713584269838
0.7931840785262132,-1.6544759411484087
2.1590607856694106,2.67292524786765
4.939063721889603,0.4656610910083039
1.6324760508879237,-4.003418019628673
-1.210108418111636,-3.578036006160661
-4.230436919577981,0.33399003220634516
3.228353235818469,0.8214020854798232
3.0850321674710575,-0.1390778295111037
-2.8563073141646522,-0.7207250283299267
3.2720659763771867,2.808384568175841
3.521738377758844,-3.2183983106627356
-3.0147207346773017,4.3963680021302505
-3.792055170626518,4.897990918130304
1.8105595575553473,-3.1703053800421186
-1.6948502510144134,-4.179887630632919
-1.6455624099289015,-1.9379749540123523
-3.2037602185919125,4.1896619747796855
0.25948892984848815,-1.563328460356379
4.738751482512583,-4.16634909476978
-0.10700914113840643,2.898730587918415
-3.2141172287833166,1.7193760280651915
0.7043456269650097,-2.9739830750365193
1.993918972293793,1.0808782125287744
-4.3247004708763335,-4.417245692161637
-2.815960164412462,1.255564109678172
-3.1483611457455494,-3.262632986065288
1.4486410193522907,-1.949039737703735
-1.781295921139101,-0.24827442560528112
-0.6710234904974532,-4.914345016926209
-0.9580525432515703,-4.7185414868489595
-4.897199405269451,1.3496172658513528
-2.446122578125295,-2.589397705872176
-4.90347579835066,2.79110705652465
-0.6184778272459468,-3.6844988198866746
4.485539197788128,-2.0650605955965897
-0.9253391615867157,-4.316704865106152
4.317112422789323,0.04329158410527523
-1.3122603771945585,-0.9096939118017335
2.4107987305567864,-4.40507086078312
-2.943062880475268,4.979826930256884
1.9044038844874702,2.2475568617021544
-3.5099119090399276,-2.7176564720676155
4.941311671480502,-4.035468654450796
-3.329312715610123,-4.492130287145425
-3.1421404186675916,2.620445364992669
3.0265281363590244,-2.493323410045567
-2.6409919612919266,4.239740831917942
4.66316026230097,-3.680910115956216
1.8965980029009533,-0.19772883115145667
-4.456871687701564,-3.1727815826772265
-2.2205068937494676,1.7610091739604794
4.023337947493161,-0.18977887796887938
-0.08388601276232777,-3.2081951464776868
0.5715819804292508,-4.753541413859748
-2.704444084144615,4.30643696358227
0.33481599945289187,3.394778695955564
0.8339424487751455,0.43982427485992215
2.8992205978506806,3.4725741670939705
0.34615234478604506,-3.591842665020657
3.6216441198053655,-3.0033399935469496
4.570768611954179,2.8164862270474833
-4.221788219299216,-0.31243913755314345
-2.5724346392327813,-4.261690375605321
2.96654202918294,3.0143659216108247
2.4751943001153096,4.728676622839329
3.823751237929736,-4.2289321586054935
-2.971237217075995,-3.9842772014672168
4.330422581946653,-2.4835325510551174
-1.9445055603127024,-2.2956800726336857
0.1591662397963587,0.26761798803581094
-2.330741794853001,-2.4185716654973266
4.442548738458738,-2.956397142847246
-2.110934978302007,-2.4703448093765634
-1.5764254471867787,2.199276016256321
3.8596541545883998,-3.1620858982156816
3.963610901496315,-1.7883390571681512
3.108514405397763,-3.338839296182358
-0.7880961647652738,-4.7992141068921015
1.8639181510248086,-2.7827849706054053
-4.866730017177837,0.15731243524427896
-1.2888529692667836,-2.6887919665303617
-1.929256528986146,-4.969881411212724
3.0271586742493852,-4.675476679756283
-4.014741506531804,-0.5330560023290829
1.6386609139803223,4.350148465256433
-0.38859178089069335,2.951057864700716
2.9030353867343317,0.8903342892641719
4.6480220424024346,-1.8830167461995675
-4.500866641995396,-2.2001077892412946
-1.2246768835926014,3.6439949481319047
0.40707926678722295,2.5701429360941663
3.5501827957760597,0.8216030456034726
1.0124853279118682,1.00102395469235
-2.3378909099650356,-3.630366035572817
2.882796776879778,-3.4382820585221276
-4.519827639014974,-0.20801830601465898
-0.4682247067727001,-4.9919219171329665
-1.0785225456636525,-4.94170088548487
3.744750125773132,1.701930926438342
4.82265834489764,0.6907226273130531
2.3899309126135657,-0.23306798082725866
-2.2933210743642682,-0.7367114928304854
-2.445091681459938,-0.28910698484917585
-4.503991934484455,3.4121133590348443
2.9152516407239784,-4.0269079902306215
-0.6373769148304573,-2.6671483916199676
3.8293909524686054,2.0395112545362792
-1.2166911783600187,3.5698874122977635
4.848365412293546,2.9914355421430185
2.166242814724461,3.5161569150855083
0.08423668265276518,4.177815031117838
-1.861942115942484,-3.066054555060459
0.05399004521006834,-3.515994674384225
-2.5036935755444887,0.11271433375263484
1.955883871505609,-0.9613623284676676
4.931867187297938,-0.6482949741047843
-0.9120449425408763,-4.669925665507644
-2.4687777424750914,-2.7065305148056797
4.656094507716645,-0.26798188897691144
-0.4284031068597347,-1.014095202181954
1.145780531838792,2.8710490970835636
-1.3207942713265384,-3.1563513133850685
-0.6887771543807029,4.501010084936524
-4.510610806078121,-0.8144535808270215
-2.0326043806840555,-3.320356340082901
-2.799040424290907,-3.7151143317401214
-2.4630804684513494,-4.759702051445796
2.174686895832404,3.579189179690177
4.430996670984008,-3.6853337187945776
-3.7448786651828403,-1.434450274523702
2.7441169832034387,3.089328265732247
-3.625075231096803,3.9443355856170452
2.1131434469716144,2.496969653973535
1.1031714765549534,-2.442329774238725
-4.601212910851848,1.998274284326511
0.5867149604720332,2.4729886593010413
-3.58844198099645,-1.8572585157232826
1.2412935680639112,4.456957205438872
4.214042753849878,1.4073669387622045
-0.8777127513544771,0.3838985599024545
0.8308557416824902,1.2719318498617946
1.299638631782094,-4.5785275705206985
3.1615382696099346,-2.6618679599476347
4.767278289609116,-4.2395161289639045
0.9814304500726054,-1.1427213619034604
-2.9905214115415135,0.7302620155208297
-4.580011416780511,0.10192765350415467
-4.1885656924808154,0.7237566001909856
-2.3121806355419983,1.9549576857552964
4.083075982823917,2.3291166764703117
0.7174209121079382,1.0215404178896579
0.6802896291337435,4.450110191357565
1.0270366130983852,0.4917467847332837
1.118438533383049,-0.4132946169615872
0.2725268526382765,1.8638125511191497
-3.606735811869317,-4.470437896083679
-1.193673025834514,2.27640467876747
1.9443395553067644,-1.791332372208653
2.728671396975378,4.324733078095216
-1.037235545997639,-1.616507976426523
0.8473274203956631,-1.785753642117486
3.5948250417526495,-2.952410165700262
-4.8708777760513255,-4.615010076144758
-0.4402372608570353,-1.678358952461604
4.878166091602228,3.2056660585787764
0.6964905857185153,-0.05421201234831052
-1.0014149889904256,4.165221905050165
-2.405940884969897,-1.708387154132395
0.5560396790510271,0.6876506338353519
1.2940799200379614,-1.1078937631762753
-3.184114549547359,1.5859702132027689
-0.7246243786916873,2.616414040470344
-3.866040390165396,3.507226791832821
1.0680679083749665,3.331547920166912
-2.4004992900059605,1.2110783125492741
1.878294750324125,-2.691424538068199
4.639020089979947,-1.6823947124881333
-0.43819029609752747,-2.929538685952231
4.00552820903218,-0.26748270868978796
-3.143781090996848,-0.278780780380953
-0.18435205821095835,-1.7202737572470084
-4.746893437039991,2.035788191989825
0.45247464355489164,1.5580570118382875
-0.10165396948830718,-1.1399299770082538
4.569804499805391,3.8497162734200714
1.1262206353291155,-0.49200701408102354
-2.3548234635897525,1.1175997417947574
3.2935313847415753,-2.7209784860361896
-4.5175981442332755,4.167543459165293
1.020636211790685,3.8891537640588716
-0.4858331953296755,-4.211422302232074
-2.89546247780724,4.517942511509741
3.314544266734469,1.8892223014864378
-2.4622447819145066,4.565155776230874
-3.2751832919765667,3.234468029728504
2.5496453822401417,-0.6876995649746895
2.48819330613384,-3.37631828716092
2.98709114233335,-0.44745538578558985
3.21624434810904,0.966449102755659
1.687412466109249,-3.1648116912220106
2.837972588593142,3.894908915381599
4.901496806374384,2.361097713817113
4.1393480880417926,3.1808775192452448
-3.7441922675563974,0.5346532668584967
-4.010476367833718,-3.43448127503835
2.1953383596739053,-1.03824789108236
-1.235507444209082,1.8890055997696944
-2.439638437516175,3.0247286476342197
4.1074064208438585,-1.6277089102856737
-0.8083200473887553,-3.5725749857946223
1.687809899446318,-1.2599394009359943
-3.086645260087184,2.5036336959674053
4.176018276109037,1.8963076047959486
-1.4766683653799237,1.2492892712981192
3.6839448302978894,-4.0197465025899035
1.6186648087481172,-0.06939297693319268
2.4690193850659643,4.608229251270005
3.761634319465541,2.3173993659373293
-2.9051150211166146,0.01155822204925716
4.768239050206155,-1.6255509513986444
-0.6836587301033914,-1.7275286494159237
-2.4560015799242696,-2.4040451332471227
-2.678723434632019,-2.052606093756182
2.1518480427919933,-4.557594030022255
-1.3315890084075788,1.7454962949158972
-4.987500279706846,-4.987921073688003
3.208510346637759,0.3007429744813237
-2.777462858375759,1.8203570979110069
0.908176378008795,4.704655045980294
0.2909635520571152,-4.175797660151693
4.063778139972873,1.1434222519118729
-4.41358993866633,-4.754982871037687
-1.1119564901190246,4.516191201189532
0.7192105775821762,-3.7782092162386895
-2.0922899068111365,3.9779047071326055
1.6590445682552746,-0.5014176743080299
-1.0982412642113681,0.505874462398185
-1.5815908678731336,-1.4346111809622943
-0.46389817794461496,0.7904054613410239
0.6960488237466764,-0.8595457919836305
-3.8675222902119133,2.616318386011283
0.8379671443458028,-0.11941460730538189
0.07299582103329616,3.7291484992799138
1.5712170276928834,1.786247323854795
-0.20787780935361333,2.9079092648703497
0.29393542595228883,-4.174935244377239
-0.028692824902472935,-4.755005797747991
4.35148950889138,1.6638521407399764
0.6510523071679666,-3.9230152244350682
-4.643596172689856,-0.01740442876303394
1.8640629479451096,-3.2420726107837727
1.0537930818445282,-3.941450561395514
2.7701454366323386,-3.060785269064729
-0.14403819955242003,0.8805108087352975
2.7906173045736713,0.9299163347155659
-1.2400740454561268,0.005515958760591744
4.134414187577306,-3.698358106708838
-3.0524445898474073,-0.10716649125647137
-3.23519683930484,-0.9896425955140788
3.7322956993925764,2.287422748604813
1.172662184939158,-3.357790348476489
3.6073467433005977,1.80679432965254
3.7524862140448434,4.735328727000397
4.3349133607778025,-3.546704049873121
-1.0703091476534823,1.6829181958208324
2.5467028796983806,-2.0811383063686497
-4.265771714706428,4.115302656406689
-1.6983302198318784,2.237422278020138
0.9017323946752693,1.9702596636759475
-3.610523668540634,3.6773783673361162
-0.5053432427743223,1.9308773369267849
1.9744426473918537,2.6628207214601973
-3.4657111195322443,-4.076649007699331
4.59840834500384,2.8272151632650298
3.1498563849215486,-3.767878050103125
2.9983650285772043,-0.36554790570770024
-2.189612839244268,2.0376562092688086
-0.911077253809685,0.7929324431537665
-2.183471358212641,-4.2290402512806216
1.7791597950207327,2.356082150037377
3.149094164597832,3.4542902717829254
-4.774832663754428,1.98838820736907
3.821620382162413,2.8292062983492237
4.719002090067461,-1.0290385476079789
1.7790941228915624,-2.755583597076937
-0.947200326972303,4.8371684195119045
0.5104222204682909,-4.845431301757702
2.327113111182725,3.8261267479129977
2.87412231416328,-4.136257776040289
4.342392778240368,-3.736065658241292
-3.259582561086396,-2.864898205268538
4.983278218918063,-0.7530859414348292
3.3656111026544924,0.6355867496380228
1.206384784042319,-0.30312653552336144
-3.167910516004324,-0.8755790013785569
-2.7761333245782494,-4.280140345126263
-3.1370194034429644,3.004060831866738
-1.303754793047882,4.2164741180926395
-2.582343236336887,-2.9196052211952184
2.563659923355904,3.1614134540163104
1.470596083943759,3.9214509199693577
-0.4400237262148128,1.1413409276414903
4.923542800776058,3.6885862954324207
-2.8675985991343134,-3.1864765801479678
0.06391875235760036,-4.550434100102537
1.6036192325228686,4.843020967397623
1.2376892721005621,-0.5398150566322437
-2.3862593955601707,-3.675045705564454
3.9318677790114425,-0.17714621510441475
1.495643109736796,-2.691575796623357
3.3887567249558934,-2.8367062822139166
-3.670674506408651,-4.432475836856132
1.8191061886331727,4.327967207204496
-0.30821658194751667,-4.290250764759809
-3.657349277403098,-3.9342271351072022
-1.0579256004158055,4.698712413928144
2.158051477393351,-4.4830268926325605
3.3487330538956463,-3.3848585917431495
-3.889065941300609,-2.5928548979749912
1.667313041466036,-3.7244684636643277
3.5818336153720107,-0.3889981977288146
2.011238316716449,1.4107657664723963
4.679331682854745,-4.916125335718724
-4.151058768360655,3.490904389996963
-1.612738297508903,-0.3994056673996713
1.964190668070481,2.611392302252269
-2.0969838542020023,1.8344296520742773
-2.279102015672497,-0.5906567336829127
3.8604810748612834,4.3851039970812025
-2.2601310706337774,-2.472918017858831
3.0873790324125103,4.462444412990365
-4.168909295586586,-3.2608122355264957
-1.0905804095582186,-1.0530615815701738
-4.041605939501853,0.10096840173169674
-4.311314181969861,4.53804475005035
-0.3914092071560562,-2.7002904092422675
-1.7833937268820268,4.334850615599878
-2.553126707604111,4.644752141601723
-1.5639741272223895,2.532616672885066
2.9894895140832283,-3.540727441313737
4.002634662317568,-1.17576097291653
-3.0843880283535596,-4.082317518451185
-4.757021094382182,0.4059001191588827
-3.970534634065114,-4.616940436990484
3.905670091186714,4.880715713252171
-2.8809019924348664,-1.9471371044310857
-3.886155519893917,1.3326032947889397
1.0746090111268947,-1.0346908157146117
0.9772056532851003,1.3450768149417733
-2.878348871196313,1.4779278060763623
1.6680395331128173,3.9965825472871543
-0.7043415076199651,-3.23411564114139
-0.36913986691456024,4.508882411929639
2.2370142418470165,-4.834744815593032
-2.241685021230122,1.8809020540831733
-3.0014978078287493,-4.0437118002014145
-3.597234533416118,-3.2179283222543043
3.995543486915862,1.8239556758020727
3.3932093762894695,4.693344863033444
0.7689629272641767,2.769766907689566
-0.4455923465159328,-2.7038814453244853
-1.7595828753795493,-0.6087202842880348
0.9929993941382422,-2.723203856463864
4.300163230521177,-4.068232173907827
-2.284934693162095,-1.8692577532296353
-3.661567929970885,0.07651582642571153
-2.3404411446968343,-4.0667932006693945
-4.925579613238167,4.2391208740102275
-0.966305832568616,3.2634295973267147
-4.684036251353152,3.2910810974791858
1.4555443588797399,2.7515702119991765
2.6183427764998513,-1.0440196683481129
-4.59036844401047,-3.457868327372473
2.2683822073585045,2.331999007524005
-3.0684901831220026,4.314641447827514
-3.1437889007833153,1.8251463284749576
2.4565514839983162,-1.9222047191837008
0.5912304079624793,2.622346480028696
-3.085878342960202,3.1420797816420603
4.9250832115579595,3.193879451811684
4.45313854731226,-3.0737579048859076
3.2906120492937934,3.835804031622839
2.25250215821014,1.0640454720702222
-4.373303198170049,-2.238342616434954
-2.119350500848145,3.208787771471096
0.5717879756523594,-0.6630463588566133
-0.3964033370073281,-0.17185914661639679
-1.8577596692994947,3.946535075282222
1.6383786199341808,-2.5118007626235417
0.016291993363953594,-4.783227323302062
-0.8391235706424247,-0.6210442893679611
-1.8868102980781964,-0.02527128303810411
4.857308511305412,2.1941981285423164
2.820938565505978,0.23908331738344923
3.949643474690781,1.4667744562423
0.08121217779049772,4.895608262538239
-3.554023887419555,4.658345236120388
-4.473176989949957,2.1424012198305373
4.910256346141628,1.6723326211196587
-3.374989729551565,-1.6830074135252735
2.7808926836828753,-2.975125739419741
-3.9546166701387353,-2.2251085496766065
1.9424209998536215,4.661568689006927
0.032147638448375204,-1.022276042268464
4.866206231384943,1.359846447728497
-4.297583403259122,4.455243951469143
2.161372420473188,0.8738442723448401
-1.2529678670475652,-2.875280500058527
-2.1153364043712832,-2.255262507970559
-3.7495583670719776,-0.44798697459698555
-2.8846785750582704,-2.887985986947932
2.065912965695799,4.930010214931462
1.1986933761090732,-1.854120959717208
2.5181336563418055,-1.4463517046572738
4.967018637559615,1.8558932492595916
-3.093695771943843,-2.1984324423980075
0.815204824505253,-4.9111539449752195
-1.6382629998038944,3.3932087465441505
-0.6051235831697781,3.990402215020076
-3.271728833766833,-2.770430325926637
0.388951794359218,-3.411856821166732
1.0572078300257708,2.0752950133490513
1.7012788239102408,2.206215557464281
-1.3862259197173241,0.44878428789128577
0.13599474437542547,1.7748381086082254
-3.526923629330022,2.568015228205862
-4.316049553129457,-0.5292350845112477
-1.4194643708162538,-3.9910769320034944
3.5858948895523888,-1.3873373524423247
-0.9957755346169357,0.6129866102075656
-2.108814412130957,-3.3208189589167825
-0.2333628586779355,4.720317687258412
-3.790196200801892,-1.7047443422168196
-0.6152889680710008,4.398216525973517
3.2650644095121724,4.747939182134546
4.148610413503018,-2.956840998909117
-0.6204120214645661,2.5593404672869156
-2.212602056339452,1.1738619407921007
2.8600624638692196,0.9392235473834143
2.9368546598861824,-2.6021820180268285
2.4025941286945223,-2.3497207855387137
1.2002794073965903,2.365399944885361
-4.3200993051411105,2.3984263203462746
-3.263535289705428,0.7379285789212764
2.545550132409936,4.754851648572021
1.8605294874354739,1.8616337654371957
-2.8195066651588863,-1.3855130560594962
-3.389561600211466,4.258467500810175
-2.3088148776586506,0.7757684340763591
4.003230697971647,4.314344717143568
-4.332301591599752,-0.04884579256665944
-3.262056644539808,-1.1526739774000627
0.8558191026843565,-0.7864300521759997
3.664339598386462,1.4442676217537436
-3.143444453904195,-3.3135826054686257
1.2646164842382746,-4.757755599824723
-1.683778262076462,2.8147640927754205
-4.050327338773884,1.6115398515398134
2.1542200147213,-1.1141577157521687
1.9907413353550227,-4.87315715099201
4.33868569544927,4.640790754970846
-0.2720150565645696,4.692476483635019
-2.4153055908870824,1.6320969783121706
1.1303964551162116,-3.9367378944049602
4.521327150433368,4.99314989685608
-3.54051386756454,4.334552785272507
-1.8510929674938668,-2.8656530276292935
4.209306512429739,0.08038886840254733
-4.928785018559839,1.1084879885162113
-1.7229149217553674,4.814435999856556
0.3525909358798387,-3.4571278451258927
-2.002202475809084,0.7303104229576611
-1.8665929846260552,-2.14937594058195
1.865375963136163,3.7307248399490724
0.04858668256354193,3.6128551906170454
-4.1145231568633145,1.7801750077566858
3.5706697461500365,-2.9487112180742923
3.65588737048858,-4.540263776677294
-0.18891689268748735,2.7748398418582134
-1.0207460194204065,2.296074399726825
2.91276018085271,3.674227225600964
0.03457479767823024,-0.6527278818901419
-4.825523145482572,4.667359015258253
0.09312561991449808,3.2819598488131962
-3.9046153444887954,0.21708230443925558
-1.2756648392285008,3.4455431925594517
-4.0683108191096,-3.850623883847124
4.122868656184842,-0.5203161170312276
-3.266636239195048,0.8949638900425008
1.4192141867501,0.623695740623913
-0.6243975036746905,-0.3985707620428389
-2.5919933215864877,1.5821029365304984
1.875227922656867,-1.3631781907252947
-3.904807931590617,1.8630641923439253
-4.442462511760464,4.425493927875264
3.7501690939629633,2.808550835519074
0.44509840303807024,-3.7748029518888693
2.5740199652900033,-1.2244008233431556
-0.2689023985686143,4.135870531203553
0.6096848969514159,-2.0253503360658396
4.858941193755832,-1.1791837081577352
-2.5191810799679137,-1.273193774128031
-3.188799981121103,-3.9548127738346595
-4.647162955036586,-3.8572088976191377
3.5973105405140373,2.155025871070265
2.9737225685733204,-0.5038387421371198
-0.3959499910524702,1.1815396324199003
-1.8286628209137676,-2.9925651065695247
0.6440063808781069,-0.05843675483927413
-2.954127262919597,-2.918833344304387
2.6966578129330596,-4.889225625823201
-0.7815407097097733,4.521669184161963
-4.168660369685332,-1.1351927772162296
0.9578997086671928,-2.0871943033735896
2.6051815747729856,-0.4181560513973537
-3.7803746734726618,2.5863588770370747
-3.8438363183604,-1.2511710186166236
2.7108260829785085,2.509393878787317
2.2950797958514277,-1.5123504301988513
3.7487834463754552,0.8954801032197057
3.453172445424215,4.114381267505582
-0.759736839201663,-3.473907821853662
0.5700562717810476,2.5476497543815446
-2.9914900680908687,-0.8784819938936987
2.4406161890183933,3.7494822351363286
-2.6479462972252046,-3.6979069516840823
4.4502134137986165,2.124873046576246
1.336000541948911,-0.6948798531421136
2.3174021673579652,0.8475574612024257
1.3385732268055053,3.8183753973950214
-0.6252452541679379,-0.20779622059172453
0.9827494224150808,-3.546420364827394
3.942673199504865,3.238032189172415
3.8643572115257303,-1.8570903170297903
-2.3594115284397654,-3.0726712976125126
-2.072295448786765,2.1076318567095376
-2.5438661626105064,-1.6023854525283197
0.48705746958008334,-1.846277672774682
-1.4781783600838283,-4.162668411511422
3.2919741199818002,-1.855092556324153
-4.668981343188348,-2.3256894525057046
2.100405476708805,-3.544170083530127
-1.7236166482560455,0.5755851252937116
-0.9702568938670195,-1.9732525870841968
-0.6574747016300266,4.209494426258916
-3.8394267639455704,-0.9609254629780759
-0.020993276215948597,-2.7203574847415277
-4.7115037009041405,4.744006337826535
2.6155622359144957,-3.098711725918374
-3.5349190842385,4.406444120259113
-1.7706624825205952,-1.7932417658533262
4.831958348478221,0.6697911137212369
1.3466660160454733,3.604216631410809
1.876175166304125,2.108213254326947
-2.050549706791389,1.2361905320919808
-3.3664688103866967,-3.3082649289621546
-0.8911685632061559,-2.6178200773003493
-1.9836186942644565,-2.098256815212547
-1.004423222630897,2.868974719091792
4.45837921286099,-0.1933329921870106
1.971283342746597,-4.920638839396832
-1.6439000192820208,-0.7079849562137772
0.4371171509303986,2.194643739282145
3.410451196670019,-1.6170841826589277
-2.155868282388984,-4.4862190268849425
1.201759152014099,-0.6744778935328712
2.584250363024135,2.488529834453087
-3.8113995643574183,1.6155517259504464
-2.48916273406076,4.404724976144044
-1.9288808244687559,2.577700133423443
-2.1258970365245955,-1.124885140178943
2.6032678939245377,-3.7518531828298194
-0.8959186295078219,-4.869859347720823
0.06907389273520792,1.071218982073015
0.2037262310410366,-3.4849086721908895
0.14393682554892884,-4.864630619006588
1.7754917764185718,3.1398227223373176
-4.058398159979358,1.1884057023688541
-3.3246277261702692,-0.33732793631184954
-4.170713262297404,1.5559224929050348
4.0627707884706314,-2.381021148245864
1.5579004846934978,3.7347107846080725
0.8162418579976061,-1.5376482605959128
-3.4667432406908016,0.8991917115807544
-2.1715906876812427,-4.855069758548912
-4.437204903749283,1.201178286787198
-1.943707799022599,1.7398817234572839
-0.7959634250772654,1.3514231003920196
-3.003054176216191,2.742253996852252
-3.8644720948467626,3.4637400408725085
0.2349646079455674,-0.3963185348643332
0.35144786453414945,-0.9735026325696241
-3.204533563639451,-2.736883750519433
-3.5524126631968955,-0.10236282297105959
3.2207385602259624,-0.22252811163777508
-2.070501146952548,2.387369472981991
3.1272152602028296,0.2376281941328804
0.5879017875119921,4.662031304548945
-0.743807746028021,1.4038258796887515
3.781740244192145,3.275485712238286
0.2195523128225645,-1.8819333182320905
-4.525752910347678,-3.0688178389043177
-1.3913362591995249,-4.066336470960933
-0.8865743578897689,4.2954154610889965
-2.6919968879792746,4.90417009581369
1.6434719899547812,3.143172304399606
-1.074310498419806,-1.264883057966899
-2.2703772750316995,2.376985417122645
4.09598320517606,2.1493021611524608
1.7253880296839696,-3.8206318806201955
-4.829650753191045,-2.755013194097924
3.9716738109132717,3.2806990383193853
-4.364037497339897,1.3957899306610067
-3.396705610710844,4.391245420526847
4.816447696617175,-0.8561842319416719
0.6080014167654291,-3.405072214969983
-1.4291512917194806,2.0775157872349395
-3.665977890564298,-3.0117121574771435
-0.6766800674629412,1.345920441572427
0.25903780878538196,1.2610393300677654
-4.926952095979672,2.108332936364821
-3.8908449052646157,-3.085968742028621
4.1742640879030795,-1.406795493109072
-2.5831781554204225,1.583240509678535
-3.4338246960866003,2.1775701171765487
2.3821545702451044,2.2965209505261877
-1.7051918498322785,-4.51333957275493
-3.4310459947352356,-4.678047167390561
-0.7776546636702273,4.212546780566994
0.8076208375667049,-4.580536412183509
-2.408474225872151,-2.861457518900228
-0.6903642550906897,-2.2674059009391567
0.26522139035282777,0.1205402571628511
-2.398752863415642,1.3284953231301184
-0.8312801713665854,-2.9358887823445325
-4.651363832226697,1.1905800549612868
0.4376372767636818,2.734280855776829
2.517232484679041,3.4453671220390465
-3.24611681454843,0.5303864795170989
0.19212098448193515,4.972518480686022
-0.19039444179539622,-2.674422661297613
-1.998785542077374,-3.0656222386147283
2.1358569679054416,-1.1421237921822627
-0.35791870614203436,0.5141687485326365
-4.799187867971012,3.5516715011338125
3.8564271293582113,-4.951114959586428
3.261057950416225,-2.2776543109752545
-3.2084272231426625,4.510569215458776
0.5515650746867795,-1.1287821040177635
0.6651885183206021,-2.542341106948902
4.342121972373823,2.2891781221794307
0.9199243258934198,-3.2568748450044716
2.3394073951768224,2.5330919039945794
-3.7994426908906744,1.4812678552765366
0.8914795396013151,-3.5253536444744715
1.8161094625843806,-4.506332218017781
-0.06339553600708481,0.19386689168619675
-1.5236200206079618,-4.36690823718337
2.8090741805013986,0.05977073397090393
4.617005796189321,-4.674729886757839
3.0098927091014342,-1.3212698770694198
2.688326631554042,-2.2790010031456145
1.7774511244918587,-1.4538426947588823
0.27315304077970737,-1.7252891711701492
-3.908260288622736,-2.146567624250925
-3.848610452352428,-3.9583542481478764
-0.0739262673209744,0.4445563113000981
3.008373935647061,-3.287574727866648
-0.09984151203483371,1.1198692208294405
-3.384519135342302,-3.8960593877979157
3.5955727214614086,-1.595541597926664
-0.3869431874489484,-3.430243373825773
-4.795023737163202,-1.9989364838828738
-1.9603663810654428,2.50826029619226
2.161896335070905,2.1429544319152978
3.5662576030161137,0.9649239674490673
-4.786175970025063,1.9279572495381547
1.7830984855360477,-4.176296326690956
-4.511001825900731,-3.70356194029236
-0.3771196084569155,2.1522065684188565
-4.464771081478246,3.752877142139665
-4.900584431924453,0.8570681011535637
3.194185821118296,-1.1599966699043707
-0.9194984228672398,2.470313415927073
3.1756062220273122,-3.696913982400659
0.6915431894770645,-4.130967313602123
-2.475025909549692,-3.8519417155238322
4.358755908765694,-0.039287493731219314
-3.474514101209123,-1.9540402731581477
-1.277832946960864,-4.322447765956545
-1.7902526526550897,-4.002275639662958
4.922029492019952,-4.227958643183586
2.5592839733225343,-2.7175900496896856
3.557689513891697,4.994648228529982
-3.183940836486745,4.561214124062641
-3.336284428800913,-2.381204003743184
0.8631060038244147,-3.4948609148984033
0.32758434515766055,2.2632578549443227
4.110844623170294,0.04361596258841871
4.905629682768707,4.170191343559651
-2.28001595493041,-0.9903080101575314
-1.7199877118928475,-2.2691952844153604
-1.408277069592987,-2.1165991038714003
-0.7339444547843277,3.668326400829148
-0.7393179113714075,2.499043833412882
4.918297680841821,-0.10535162544076293
3.109287853589004,-1.0785427754692698
1.9010098036836185,3.7108961222315244
2.761226913230824,-4.028336902120931
-2.442667750839773,0.8964745276798238
-4.8125023234080375,-3.0561366712955307
-0.5828598007880093,4.6010504805867285
-3.2280482631573815,-4.1183471858935405
2.734231042710147,-2.8757422624102458
1.2742425295973945,0.7906428058116042
-2.971694256901273,0.5592364791102691
-4.0423982493566735,3.620158988369184
-0.9691725060490626,-2.578036374353151
1.904198183362137,-3.581858731552039
1.0544945449823437,-3.5069632151728483
2.4641679169410047,-4.2045697026970785
-3.2171334497259463,-4.667710696905472
-0.9882575207332209,-2.3177135909564237
3.0373345871185826,-3.8748458191954005
-0.9955072512503573,1.4311818905918727
1.2592128673145107,-0.9732070296675381
2.1057586304216445,-2.539938805738604
3.1246819325053288,-4.082862030329578
-3.636558969033893,-3.1996282399430163
-4.472940140329063,-1.5538147197558647
-1.5679487922959212,-2.192802630300025
-4.936582554056049,3.9530087219398986
-2.2291306267037134,1.4368139684316628
-1.521451418179768,-4.906914514938916
1.713043572664822,-1.5522424293358625
-3.536025552199807,0.270573454606331
2.4128158506973483,-4.036826918520071
-3.3631320882108784,-3.650924801368575
-4.382062786595919,0.5892384220028832
-1.1487855265676172,2.8678703230395497
-4.54127463436803,1.3109095542500597
-0.49772174148918413,3.1240908533469227
2.2573719112980006,-4.116245791717185
-4.017768068942832,-1.8977802054821193
-0.6058343525293877,-2.57269943982513
-4.710333954904438,4.135408897500968
3.0416834435651836,3.839017490737911
-3.2894042022817924,4.922130284368247
-0.37209801621866667,-4.511700139828082
-0.9558537977291266,1.3590153703977572
-2.532420888654406,3.0616947506181553
4.938785616308818,-0.3694094458148003
-3.0397899585477095,-3.9064554499919413
4.265337200386163,-3.60090370350852
4.184205061959485,-4.013245652001251
0.7668412641537037,0.9051771092608574
1.040927666846728,-3.626274172325168
2.568739814477069,-0.30604925919166526
-0.6963514609297334,4.808496358362911
3.462314661267783,0.44140333691558276
2.620982926109865,1.4683722066905673
-1.9298073874837574,3.829325575438304
1.5445306168703778,2.4534743366129232
-2.8550485209241474,-2.1368001518462076
-0.0816528805083161,-0.01177416178811086
-3.8411870819271563,4.228302669356731
-0.4387072653215549,3.2749398330096966
2.793010226810358,1.331592185313296
-4.155116903831429,0.6416943158231545
-1.4652944343202314,-1.9407303419617317
-0.28375421920791677,1.8131411848325545
-0.764805230248589,-4.209826323709134
-4.8213237987255795,1.5704149827586917
-0.9175796775085407,-3.2076999122819307
-0.865221199117733,-1.429653414622294
-3.0749475130016113,4.813700092258944
2.820545879058363,2.923281698546737
2.99796799012646,1.3786885388102386
1.1366317854519128,2.001460764483607
2.6444335770640626,0.07932390184295812
1.4676794109996631,-2.3982371978869033
0.013813417328418787,1.4174904346937902
-3.705084893427774,-0.0023040504498030856
3.945194370774157,0.09117095665351105
-2.1731053557367073,-2.0471082409718813
1.298770402589624,0.8340348034754044
-3.2933376844552265,0.2655314157525588
4.000332948323479,4.612240915853793
2.096105885747999,1.4635853730854196
-0.6995543927827477,-1.5008644433787
-1.6914085098988831,-1.4812793492375045
1.3395539119828026,-3.0034804694309605
-3.308433831020948,4.471215582893359
-3.6119382175370585,1.933599110745278
-3.5822759011827623,-4.177503829460143
0.3863296824596274,-1.7818979988280481
-3.0516078893913567,0.021623986893503755
-1.4123607551814654,-2.976623735200824
2.446743335770382,4.458158150311318
-4.678684771515354,1.4062007007437858
3.8895449313973867,-0.7605718710460803
-1.1164344366724963,-0.3056582578338105
-2.7683815674915424,-0.10283496400889902
-4.41152404403635,3.788463365194186
-1.8616191641579083,-1.5312306041945192
4.083742377763819,-4.20690548746534
1.7458755699383675,-1.3220412988929517
0.8252643127812824,3.0061623895116725
2.775804512589273,-0.6941888329833237
-1.4252123101613168,0.7621393635779894
-2.4529002958509913,0.8727948977592446
2.8894951527396007,4.1031593871469845
-4.871226215179662,0.4150421509327318
-1.9967528900223854,-1.522283333767862
1.8546640602752031,2.8923592820570976
0.8109489990251904,-4.901851466187159
4.651493928016896,-0.8752472973698175
1.344360177377693,-2.54752900824783
-3.1662733385346398,-0.8441477537648012
4.5272246234881415,3.766883168019797
2.3979260265675943,-3.911031682236156
-4.402715029858392,0.2691364361656561
4.2269769332898015,3.2284642956290632
0.18667710247215386,-1.0142047884774765
0.8974028504594314,-3.8708481601328804
-1.7510415499534426,-3.219797388297315
0.6365077810748163,1.923548832142706
-1.4866681712878318,1.995951909605738
-3.182731069688811,-3.7551332458006415
1.6199307704321564,-1.8194714838145574
-1.5214091150808207,1.2833966675511945
-1.8320912356602106,1.2630384431377237
-3.0813745397167547,4.980741037638829
3.005980442843736,-3.825044110720379
-2.8722406619300567,3.282609697051967
-2.9487819963452475,-4.169589915228782
-3.1090091386601326,3.58343770856896
-2.2012560678134205,3.5116590898656455
-2.7776014118574786,2.5642170453910698
1.7560615549960215,-3.768469146989082
3.5051417089366996,-2.881720300140047
-3.7109188169380234,2.0095120574784513
3.128142578164395,-4.04920827857123
-2.433366016240427,-4.364325068392643
1.454801253124323,1.6447707852847149
4.382430228590744,-1.5962729436613077
-0.007511331566483648,0.8873970838743563
1.0206303675458912,3.4881438665324875
1.8571084270053992,-1.4544816465159882
-3.9570079429336147,-1.733974529114497
3.7884560568429606,2.729343753830796
-2.8168041619950532,3.034799254881852
4.276606889210015,-0.22479308116679508
1.3743842194109668,2.3086138370202676
-3.1318274926978984,3.609932268192754
3.765576619296123,2.6681038217621476
-2.2893093792435515,-4.782012740637075
0.44739134321473983,-4.226291862499152
4.140297039941721,3.8584613108151586
0.05661978553822955,-1.4125269423293552
-3.762884171521711,2.9239027628849534
0.1723748471110973,3.933137259342974
-2.4865062883206135,2.5320730523212207
-3.8302261752114584,1.7765903915255805
-4.388117588326754,-1.4069183155581921
3.4865480050536757,-3.3796221132884527
-0.5413441232267537,-2.7236127698221724
2.365725857817181,-2.1085290537897072
1.4182334791659335,4.265373897931282
-0.22999467880922708,-3.4566302946002505
2.888219966352194,-1.313384044032074
1.8090890714133696,3.0110578577172618
-3.0896252838396365,-1.2983412727074297
-3.9035145124435564,4.633553238867469
4.6055796200551296,3.5136954170719186
4.3915299622986215,1.3838957727819947
2.402806455029035,3.2835361901506133
2.0951135490445,0.5087672195452617
-3.1622080840390887,-2.026288796573094
2.6455681890970295,2.9519460849197765
-0.12868619517978708,1.338177134761028
-3.6349031910970906,-1.6248061712518336
1.8367430582139654,-0.6238688886710495
-0.74309145499676,-0.47579703060212974
-2.6697873234130496,-4.642960584079981
1.143885886758305,-3.3541197356179353
-1.6704271105064228,2.8377525476019505
-1.8184875384011754,0.1887757000162038
-3.9052032590329278,-2.7938463221453294
3.0644728205339717,2.2528244254573497
-2.365203032177442,0.5652263769020234
0.6341891666502786,-0.5327078158567176
-0.6960899554472464,0.8452899424261169
1.3830070455581982,-1.4437522411782755
3.30837131510709,-1.0685814733352972
-2.5850718384722082,2.042310531258112
-3.8293004083152384,2.345155361825575
2.132329505112799,-4.925052320129069
2.093260050838282,-3.5094382753224593
1.6485756466826187,-2.22895802840809
0.8304309726369272,4.809551611214895
-1.897468325209947,4.487824700742278
2.544781538488503,-4.314126787844483
-2.350473521730747,-0.3358834428304833
3.2121846195048125,2.63929277610789
-4.61571124859986,-3.100879964297497
-1.0678076525661542,-2.092098609982238
1.7446822813811425,-1.726748381362111
-1.6151407858385491,-1.259111267957096
-1.8524989006581438,3.4677926369212173
2.0506637269278363,-0.3573036153813449
3.922965214231013,-4.35764914494285
0.8358850367395512,-1.6002154990246922
-0.15705075226544274,4.461134753452692
-0.36667128136835725,4.356014133961285
-2.6035195751900853,3.748623945962141
-0.47889774062547996,3.701241134180684
-2.709241774489599,-4.523359527223869
1.2887679448089138,-0.7029465100638959
1.5361210454889527,3.667502301241818
1.790513080462615,4.264498605094589
3.7195025523890664,-0.6236751105191605
4.254957240635264,1.0288936460587914
2.013021119108915,-2.7662867647031453
1.5946076840647763,-4.814733476233081
1.6297082786644426,2.353830668801007
-2.326808114983808,-3.8026618148932023
4.6008683568592765,4.679224847893813
-3.4565781692187993,2.7875248413767526
-3.187567991088467,-2.0955796505219517
1.8666446696527768,-0.618721343042604
-2.012777578290862,-2.278758677084407
-4.600674560098952,1.7512012385763773
3.7720881664084676,1.455994460135245
-0.38258098743964375,-1.4573030952997978
1.2033331518399661,3.692844874167882
3.74129282818544,-0.8000983669118389
-0.8193073821637595,-4.835516440443879
-0.7260084396655593,-4.849687267989373
-0.364174046375898,3.1687583372330828
0.5649824998535014,3.951173614366194
0.5664978862346022,-1.4207280040751655
-3.1714523251747675,3.992009485499155
0.5706162118423546,-1.0226641468312536
-1.738839981704261,2.2218937644880246
1.9051350782145695,-1.066946655640959
1.2990246801604481,3.446276063224337
-0.9653072369895765,-0.1365734095956359
3.35638580089436,3.3553344441941935
-2.7846082172465336,0.7958211396969839
0.9840775730653029,0.4730858729644911
-3.6913123615140897,-3.795247194450887
2.128906162233654,1.4755115182910759
-0.36527257744050434,-2.5962446660371064
-0.4478980243193824,-2.4925453063223877
-1.8360406953367048,-4.501386116751353
-0.27834597508805636,-2.017714532082345
1.6241209974562256,-3.3818442085959055
-2.392339035013258,0.4337558581147949
-4.894465012016763,-1.1819546211910414
-4.760198163643013,4.388015194505124
0.7785927692624846,3.743034917405705
-0.7539433538018443,1.9497063818582303
0.11756590120445143,-1.8337176645788111
-4.437701075946377,3.4558125584871533
3.019240025015865,-3.131513394124382
1.0309959775064739,3.7923650030673848
-0.8616217619223523,4.273078563414273
3.1439125479765213,-3.766277661364321
3.8004211527435015,-2.5298742021553955
0.9118733052872274,0.7357572660623104
-2.1999863127434716,1.2852070142315863
-4.56744731028258,-2.418231215863562
-1.3476920752805635,-2.318077764883908
-0.06470322978891652,0.6446691378267282
1.5971223710448479,-3.101191556061292
3.5024579711812667,-2.455429317662292
3.8099949858854902,4.823847771106728
2.4490953767888133,2.0300000881517857
2.000087061318494,3.807179135218906
1.642399725538338,-2.867853124035693
-4.30756157261172,1.61960093440163
-0.6664702281472543,1.7443595094101791
-1.9235489386404083,1.7180891493872057
-2.7387796900595376,1.9289253932365655
2.3268681020486284,-4.318452271063627
-2.4207788808802677,4.193560399561722
-2.1041503000189623,2.6818785376572194
-2.737542389057459,1.3456323948715445
2.4794206946776267,-1.0114932417830511
-3.6782419235882036,1.8988385960055831
-3.5885234565066138,-3.305498192899756
-4.095006968541818,-0.5429546016658291
2.8549891037020263,-4.749836877566565
-1.560381332511401,-0.05401950082360152
-3.474011184538809,-3.236494973501338
-1.4239718857833417,1.9545239003490709
-2.533284218913149,4.627923658911069
-1.1627166713399815,-4.184095738753154
0.5704334256331487,-1.7622014038178415
-3.166872502346024,-2.792372680137991
-4.5735882158254,2.2971943540918636
-0.24108220293732785,0.13511941513508763
-0.08772058035149577,-0.7544617782886807
3.6822316129406314,-4.422961739804662
-0.40967924531944444,4.7929814993813515
-4.555129621431476,3.3331980854256216
-1.212216322490355,0.7788439605154753
2.2855089328261204,2.028372811555206
-2.9843856737563526,-3.870705349911978
-4.963124001956954,4.654018840067213
0.19407557213193893,2.1385201332206982
4.189494299603233,-0.5068552126318204
-4.398042386439083,4.400084718486697
-2.497870065291603,-2.501663608959699
1.5579671489543987,2.7369845700971744
4.452509717094662,-4.929951883109879
4.311910473789528,4.972878148757529
-2.5853715201785366,4.965876811149503
-3.615092474400935,-0.49737494186059017
3.8966661075680484,2.54830708288602
2.240250400981795,-3.8921468891211397
-3.907999578913252,-2.9878662150593116
0.8303880118332732,-4.494362258764432
1.8606784217864707,2.3170587176792985
2.1837524569543554,2.2678694299794424
0.9809544807064281,-3.0288081497895436
4.655980792926005,3.590645939192177
4.3874010277349225,2.438687613898802
0.41147095485649565,-1.6306468782407544
2.327511666640363,4.830013840638962
-2.0839220021367533,0.49230149907901044
-4.101814711008816,-4.368059575903164
-0.5097469342344638,0.39620325747683793
-4.151176477346274,-0.2901443884022106
-4.808416729830956,1.9484211552710464
-4.82047120570169,-2.073834565649475
2.8659526993603155,-1.4744041179179357
-3.3302693245659967,-2.890595646820213
-1.02633451560606,2.1924825462728235
1.9733717419778687,3.351403509942571
1.097974500873585,-0.45734696194545954
0.3289521717101156,-2.4570349145064574
3.964815975995567,4.548938239543043
3.406310476398547,1.1798705610865738
0.30999395840525423,-4.040608316930885
3.617543954868953,3.346071357428439
-0.7333430309270907,-3.170916175164619
-4.6647369372409315,3.8046203426860377
-3.834822753118333,-4.756056759522165
-4.71206616924613,1.9098572625454393
1.592932142290957,2.2664924133591855
1.9395347745251437,2.567361180188205
2.85282912153865,3.0911287036823882
2.7660801726666984,-0.8040773347077081
-3.846016460944748,2.2795259285356764
-1.7382000907661355,-3.415237142302864
0.15313194107361205,-2.329374992162956
-0.3218333926016035,4.8879264330165775
-2.1473630424397494,-1.0165864097293187
-4.1926232899493785,0.9061898597776405
-0.6089404421170954,0.1644197944600876
-4.73089098587708,1.6067895700921575
2.40504332454557,-1.6570745278205488
-4.729663601246913,-3.2308153361429994
1.3227263891422867,1.1129047358773905
-4.2086838639983934,1.0285050691046296
-3.347195305030879,-2.1553417514863824
0.23021941678234992,3.6631202987358513
1.2599366942384238,4.791322115003467
1.9712767125614672,-1.2042116761876178
-1.5612336622603031,4.35933057216314
-4.898555790755869,3.3087446069354876
-2.526162075235596,4.908752024404189
-1.6335015854067434,4.583287995060569
-3.5441681597160324,3.938521883934188
-4.361517829032119,-4.576446565384012
2.325182105192681,2.458818187967635
-2.429648144401757,4.234495427798857
-3.0569964144365347,0.46973178099442947
-3.2255526120271263,-2.570341565556089
4.782499630334245,3.3839383248072625
-1.821638039321345,-0.5916310490551577
-2.377337491076145,0.36338234411393877
-3.5830507167636894,-0.5537775773130136
-3.078264360571171,-1.3991307800158648
-2.412630125133152,3.503361519400565
-2.192590905652775,2.021927649242796
-1.3883818561585914,1.1733577419958507
0.024708963466575362,4.393415359330721
0.4505645634680242,-0.8355898784082587
-2.159143796711509,4.441757822191967
-0.8246889298053448,-1.5600845892889526
4.924745598298335,-2.830347956969778
1.210547895085302,2.5552115672599385
-1.4223445209818908,-2.8898767510561987
-2.5426497209476038,-2.514884674615131
2.673227462963501,-2.6044347647675004
3.4286377903843928,-4.172280815642918
1.5103711062161453,-4.308448658468706
-1.0269677979282732,3.0937210669391746
3.704848972303317,3.798419100178794
-1.3405447818242777,0.7995317286680867
-1.353132701151126,0.8308860987569968
3.385672227767671,1.9431439292684116
2.2934544078816277,0.12598013689572163
0.19859939653522574,1.4652046886727002
0.1172772810970848,-1.2814610429319928
-0.5888698781555544,-4.180395771018612
2.9626423378766207,-0.3446707608032131
2.9803563372101074,-3.7875757403340113
2.1264568550990957,-2.1258572133338918
-2.487071952807675,-0.5679659404975794
-1.8085025207296623,-2.6776758586210345
-2.711375424792213,-4.574397292207352
3.0556717347280653,1.126373620487998
2.11238435898321,-0.1713753396551887
-4.850822567235975,-0.7335630144517458
-2.2471604785591595,-1.378494309049576
-2.535644674973029,-2.4124677861684996
1.4475764480445195,-2.970064565474486
-1.526885271711813,-3.87477337036104
2.377172761167068,0.45140918468132796
0.7522973515606601,4.689167773465606
-1.3499154348334752,4.277908144499433
1.8431330368589238,4.9546270646225725
-1.7999955584845861,3.686662294082039
3.155919487919892,2.5328526673413485
3.0728332013690753,-2.0985078643171784
-2.2734832561144493,2.4780332102212697
-1.2529885436901167,-0.22215115428704735
3.3123219811753515,0.8429282595758139
-2.5338647645981007,3.4018738907500197
-0.9595696830313365,-2.858513595711023
3.43591031193591,-3.327322978625827
3.3245155277114122,-4.039908525035392
-3.838056664084697,-2.914774374178081
-1.8618586769986365,-1.836390678798777
1.2359326190757427,-2.7549147395062
0.8558450247778184,-3.915366471895536
-3.3423346724854595,2.7297812440139415
2.388818260025377,-4.248742392481789
0.10860987637102859,-3.1107116887913957
-2.394045347855791,-1.64648653503816
2.923907250088165,1.3806194905344302
4.053690014209007,-1.8436729070231594
-4.551338144130384,-0.9664181040892581
-0.008091331319189266,2.554796660404124
0.1484900909156064,4.019595697489644
-1.4510192620921334,4.877750192828392
3.67735721734263,2.7872753917378246
0.1120170507500351,1.620186675057628
-0.15084452096913203,4.749671647623492
-2.2880326759382683,-0.595638827501408
3.7395538562573947,-4.77997830051856
4.601881513160503,2.2302737716295784
4.416006908508299,-3.413110890091829
-2.81483090870171,3.642301214329427
4.158065355648571,3.761130891171847
-0.760938758823059,-1.3517528595412456
-4.329636771422573,0.44366162044352997
0.42762492332050783,-1.5014682052520154
-0.3265719634238309,4.529918538427477
1.508558861697943,3.917456671943988
-1.594016564625388,-4.23743223586434
-4.793060716059763,0.86725251012051
-2.513080629427722,-2.8153725672196863
-1.1577167227643512,-1.280693258392743
-2.266873549601697,0.9475072198222803
2.8410272277331785,-4.79634275615764
-2.1858577751614616,4.130840132937244
4.804992085445011,-3.1138378967161193
-1.903846758601777,-0.5813238208079579
3.1695291516394732,-2.637409127674358
1.2177040492532587,1.9293978254957374
-4.449361905678442,-4.226393002115859
-4.3276139988570765,4.585633216708182
1.5239449055726926,-3.6045131609885095
3.22891403768522,1.0146856887943674
-1.15679698928558,3.8522168835729147
-1.4403599532547604,2.36717786154915
4.432848257412566,1.528374076706962
-1.2124438129470096,1.4630595920996656
2.9844186491731293,-0.19745786135944599
1.4520087744162513,4.088187840279669
-2.592399583541275,4.673181297474311
-3.072771440894335,3.8844296605298183
-2.889313802020983,1.5072331976048137
1.5217033768638757,0.7811948078623479
0.8479252135236521,0.7577374116090771
3.7952104784565073,-1.5820567844123201
-1.4467198671633188,-2.9989325361691934
4.73137153518636,3.109248080992497
-2.309774590323758,-3.4418065086232663
3.720815560026413,-2.3192275959825324
-3.623659744169302,-2.603162967432684
4.3608018821507315,0.35971024625872694
-3.442061738981298,4.6258173468853965
-2.727493973840336,-4.550086798174315
0.25300896309238574,-0.17900260592453066
-2.696288597589942,1.3951640275921973
0.5228266462843942,4.682872764039562
-4.874453503237679,4.3772085302466515
-2.849699296049082,3.733831770244315
3.05953023555538,2.7766044763529703
-4.457515833611174,-0.7449095198850655
-0.7539555443192114,-2.9403828003814194
3.6396703223273317,-3.189459791915412
-4.006894508138239,1.7680664304191707
-4.984861744632503,4.48338226775194
-2.7968792294260347,1.7351272390100982
-1.3789646459658966,-2.879786324093234
1.3641927078622675,-4.601241102856676
-4.70124990653492,0.9528916643571055
-1.9160431272155511,-2.0863631687792514
-0.8694798131660804,-3.555788423973861
2.920896802298505,0.08791166430830355
-0.14618280930125316,-1.81821540941979
4.083638961377899,-1.796886277919568
-1.4154337001795794,1.569764861673547
-4.571666261242643,3.0315951252279767
2.8650430353641454,-4.337575463700523
-2.0968195113802848,1.8895386881451621
-0.6085933387571929,4.36245400533037
-2.325083299170938,2.634774769031604
-2.528005637571212,-2.3039925702427255
3.59821956422776,-4.700216732915265
4.168326807050924,-1.8974014487766242
-3.442546162153061,0.04802781395756739
0.15158313122680234,-4.691073641693578
-2.8140880637364827,2.1553140493384717
-0.5848945288004863,0.2937624468541822
1.5876665013923272,0.4681904842056861
3.5034534475366925,0.7937353460250618
-2.834463951350715,0.7715145068819265
3.136346336312066,-3.063395536752206
1.6902675488997234,0.14527499943579247
4.690770132805891,-1.6298469787418313
3.216288573418412,3.5484998829128926
2.4715156379125167,1.2769779819359997
2.093760304897174,2.5671132125395353
-1.3715857961475675,-4.964722075969528
-0.42748451295931744,0.42772323382400135
4.577590370796816,-4.800046994259644
0.6171045957899421,-4.1278565440953905
4.601196610551163,0.7884699902957895
-4.167381379290641,-1.4468733730812158
-3.073516639890763,-4.25802280883865
0.40606688680572933,3.02496089137483
-1.1669263187788315,-2.7530045032396955
-3.282242954349467,1.6938244599152128
-3.4266033488722214,4.141221273385003
3.8019739500580805,-3.400258555307473
0.7361121002390503,-3.0122220308987946
-0.4054904267775603,-0.400806197561141
-4.596012276896987,-3.597107355268446
-4.085849336419292,-3.2234987877878254
0.6454570199306664,-2.136315373570427
4.933852637769167,3.290356037137359
-2.348914139924897,4.998121754367991
-3.9371755295513946,-1.3189300276868687
1.3000278663667597,-0.08944074657354939
-2.183840272748646,4.5455181661512825
2.6723641843168693,-0.50273967303331
-2.9147797236988593,-2.8295899918636924
-4.737482727595339,3.238129289334683
-2.16054689143888,-1.3398141208256984
-1.31056332566554,-1.1235291083494325
-0.6567269875034913,-3.2855789627951326
0.12632850893292868,-3.0741175371774663
3.203511186098279,-0.08734006925188353
-3.2068027940103363,-2.899044614150108
-0.5926334543482916,2.0356028302153764
1.2977983400588657,-1.846103449278016
-1.1585988066206143,-0.42457307393632515
2.4040826974793603,4.154501933117199
-4.991726144646854,0.9962261744384264
1.6268086622992906,-1.2405230607254705
4.4410800030725675,4.520085293904518
-0.3943552918108342,0.48547315342391517
-0.4964191584513227,-0.06509977064441763
2.4475378173454807,-2.097739304889
-0.12095930272899125,1.181430922453142
1.4903892836324015,1.1624940184959538
1.9922903637454876,0.22335218398233625
2.8268915784624777,-3.075394210563951
-3.7544086037899307,-1.1833189496507668
-1.2415742166129808,3.8954419184691407
3.0944919922505303,-0.7012242656609899
4.72331448116439,-0.6901852830225685
1.7285582758019356,2.4521977303525873
3.209761370253565,0.7843258033175102
-1.9995949502244659,3.4294985970849687
2.8317998866168734,4.192129890984692
-3.5220689724076424,4.111784693226149
0.0674810377905466,0.9039432756304064
-3.8692182257289076,1.8813593401056128
-3.1853402355489138,-2.0334077362026317
-4.663459082203623,0.06665902879524843
0.393123358084031,-1.140201588008761
-2.0385378371807406,2.9988321585158584
1.5052805082612242,-2.967593233498632
-1.2002782329619386,-4.836601820754476
2.39370698949645,0.32012273769430255
1.2339412646402872,-0.08459978499347098
4.918218699753776,4.257189642618535
-1.892276292129468,-2.3608612673753857
0.30096643873169526,-2.3782131979893775
-3.2350218753962534,-1.2381318063963755
3.367346645234825,-1.6153978003099043
-1.41664872867071,0.4140811687970487
-2.53640941963483,-4.919624699833508
-2.5598576757954348,-2.2972738178808783
-0.9660317382113925,-1.806896012037905
-1.3655386177694941,-1.6598715841591605
-2.147943531493799,-3.2305558924638964
-4.974230887916763,2.900598050647165
-3.3768084708291433,-1.840147445308097
-0.4889798221896964,-4.789800850249829
-0.4508230025361488,-1.4000890929594743
-3.734789260373531,4.886597531948256
-1.673705523552682,-3.318855279718238
-1.2952517143134337,0.7193731775483165
-0.17960574894553005,4.68317551681827
-3.8539193497349733,1.6450552797318698
-2.925867646377649,3.3656280725869987
-0.4658107009060366,1.2626686122859718
1.626250826902826,-2.6798795255883356
1.3286458870427822,3.9050363013886145
3.5775282831354858,2.28994309844433
0.5184364383287434,4.9166275793033645
-3.6361449559443635,-0.7201903621012997
-4.379228318183545,2.067391432389779
3.692678101713545,-1.1519859723365924
-4.5055754435553785,4.110109787505303
-0.15385802209761135,0.9274205934028492
4.245952604337063,-4.370950735491731
2.52604525201469,-1.5526289347417475
1.3878370316137882,-3.5573361923534765
-1.5956936898934435,4.819721579505105
-4.20021678624949,-2.3920425046984475
0.13433276749738887,-3.135437034472343
-2.560636694443077,0.7374275521765474
2.0768269580142356,2.199055423082222
1.7469445830904915,0.37829756318182817
1.896070517443217,-1.011289380107332
-1.7250034511628631,-1.8680599481432845
1.47466523985086,-3.101703015980287
1.7326883401709212,3.7653453111281348
-4.762421502300855,-0.158639688094512
1.3543828650358272,-4.234048112854754
3.8604934535497666,-4.522208464690763
-0.3349462704407111,-4.884128922111382
3.7384317243056007,-2.0743685834735204
-3.430351835874016,1.1792734663004287
0.8141639094853916,-4.70157391552959
-3.369547962124697,-2.7462484071883706
-4.510514772477344,4.102245208884428
-0.5438902202625808,1.0902843282009735
-3.0332269062369455,-3.6982917166175766
4.855472549952198,-0.5044563692678086
4.558764199959613,1.6866960365792032
-1.9518639320241316,-4.863554190000587
-3.7662505007171987,-3.0322537311525712
-1.3825109453474083,2.917337319923722
-2.9398670171800068,4.824358662743197
1.7774773311425687,-3.3534666979908625
-1.149161348500387,4.257971793314207
-0.6301171299285722,1.550263449671025
2.377744009170123,1.832771282354754
3.147430076120017,1.8917527549117752
1.1900276314483582,-0.6734709476044358
0.16598528318406203,4.706344908704375
-3.169686803140115,3.0655807060027467
2.886681119387216,-3.2220677884228364
3.0839075199973003,-1.7214033664319581
0.9464201785645532,4.167121568600917
-1.455975525516119,-4.733993861426366
-4.054345059311865,-1.5597061485015362
-3.888713731366482,0.46775709378051467
-4.238161233199462,-3.0620866289829007
4.669867817288434,-4.11702357574776
-2.8553156534303223,-4.028113268384531
1.6516256359309853,3.0414145295451895
-1.8186764068241699,-0.4665308227333309
-3.3191451242998573,2.6101370988969386
4.010637013816094,-3.43450766586281
1.9897147605879217,-2.2120948006188823
4.87119161233567,0.6050815503922298
-2.364873975805865,-2.2902749856757154
1.228794825569036,-3.405048953297798
-2.7830409019672375,-1.90568883296794
-4.729588321780051,3.205770045209672
-4.924196975758298,-1.6697584328339454
4.379818329805266,4.443220948328628
-1.2064711674843451,0.7183785544279919
-3.906069611534737,-2.251611157582122
-4.167019075681543,-4.8827813348024325
-3.4739215692081657,-1.5432599422342608
-0.04265426130239369,1.8873445536284557
-4.089091076672774,1.7194184023305192
1.000567331183543,2.4145756635207967
-0.3798214491960703,0.8201251285382405
3.910041507951581,-3.9563030363163953
-1.3751740197291449,-4.738745095503978
2.8945065144780653,-0.9070664847881185
-1.5148392028746862,-4.2309953872233095
-4.952313651505547,-1.9694823413303677
0.46370857771043106,4.042390554726133
-1.9222990713900878,-2.2788132018089726
0.7249483415426585,0.42705245075024045
-0.831591707747938,1.316608331312155
0.2294235294033733,-2.057077570729037
-1.2162722210004984,4.028569637172218
1.217428517230113,-3.0951062719809084
2.1000621213138935,0.5445450365717726
-1.1583044387660713,-3.0894382896278403
-0.6080338430377861,1.52918562026053
0.3426221442788826,3.2456791544547663
